<?xml version="1.0" encoding="UTF-8"?>
<Network xmlns:xsi="http://www.w3.org/2001/XMLSchema-instance" xsi:noNamespaceSchemaLocation="NetworkGL2008.xsd">
	<!-- ************ Liste des services *********** -->
	<ServicesList>
		<Service>
			<ID>1</ID>
			<ShortDescription> Wheelchair accessible station</ShortDescription>
		</Service>
		<Service>
			<ID>2</ID>
			<ShortDescription> Coffee Break</ShortDescription>
		</Service>
		<Service>
			<ID>3</ID>
			<ShortDescription>Flower shop</ShortDescription>
		</Service>
		<Service>
			<ID>4</ID>
			<ShortDescription>Parking</ShortDescription>
		</Service>
	</ServicesList>
	
		<!-- ************ Liste des services *********** -->

	<StationsList>
		<Station>
			<ID>1</ID>
			<Name>	
     69th Street Terminal
      </Name>
			<StationServicesList>
				<ID>1</ID>
				<ID>2</ID>
				<ID>3</ID>
				<ID>4</ID>
			</StationServicesList>
		</Station>
		<Station>
			<ID>2</ID>
			<Name>	
     MillBourne
      </Name>
			<StationServicesList>
				<ID>1</ID>
				<ID>2</ID>
				<ID>3</ID>
				<ID>4</ID>
			</StationServicesList>
		</Station>
		<Station>
			<ID>3</ID>
			<Name>	
     63rd
      </Name>
			<StationServicesList>
			</StationServicesList>
		</Station>
		<Station>
			<ID>4</ID>
			<Name>	
     60th
      </Name>
			<StationServicesList>
				<ID>1</ID>
			</StationServicesList>
		</Station>
		<Station>
			<ID>5</ID>
			<Name>	
     56th
      </Name>
			<StationServicesList>
				<ID>1</ID>
			</StationServicesList>
		</Station>
		<Station>
			<ID>6</ID>
			<Name>	
     52nd
      </Name>
			<StationServicesList>
				<ID>1</ID>
			</StationServicesList>
		</Station>
		<Station>
			<ID>7</ID>
			<Name>	
     46th
      </Name>
			<StationServicesList>
				<ID>1</ID>
			</StationServicesList>
		</Station>
		<Station>
			<ID>8</ID>
			<Name>	
     40th
      </Name>
			<StationServicesList>
			</StationServicesList>
		</Station>
		<Station>
			<ID>9</ID>
			<Name>	
              34th
      </Name>
			<StationServicesList>
				<ID>2</ID>
			</StationServicesList>
		</Station>
		<Station>
			<ID>10</ID>
			<Name>	
              30th
      </Name>
			<StationServicesList>
				<ID>1</ID>
				<ID>2</ID>
			</StationServicesList>
		</Station>
		<Station>
			<ID>11</ID>
			<Name>	
              15th
      </Name>
			<StationServicesList>
				<ID>2</ID>
				<ID>3</ID>
			</StationServicesList>
		</Station>
		<Station>
			<ID>12</ID>
			<Name>	
              13th
      </Name>
			<StationServicesList>
				<ID>1</ID>
				<ID>2</ID>
				<ID>3</ID>
			</StationServicesList>
		</Station>
		<Station>
			<ID>13</ID>
			<Name>	
              11th
      </Name>
			<StationServicesList>
				<ID>1</ID>
				<ID>2</ID>
				<ID>3</ID>
			</StationServicesList>
		</Station>
		<Station>
			<ID>14</ID>
			<Name>	
              8th
      </Name>
			<StationServicesList>
				<ID>1</ID>
				<ID>3</ID>
			</StationServicesList>
		</Station>
		<Station>
			<ID>15</ID>
			<Name>	
              5th
      </Name>
			<StationServicesList>
				<ID>2</ID>
				<ID>3</ID>
			</StationServicesList>
		</Station>
		<Station>
			<ID>16</ID>
			<Name>	
              2nd
      </Name>
			<StationServicesList>
				<ID>1</ID>
				<ID>3</ID>
			</StationServicesList>
		</Station>
		<Station>
			<ID>17</ID>
			<Name>	
              Spring Garden
      </Name>
			<StationServicesList>
				<ID>2</ID>
				<ID>3</ID>
			</StationServicesList>
		</Station>
		<Station>
			<ID>18</ID>
			<Name>	
              Girard
      </Name>
			<StationServicesList>
				<ID>1</ID>
				<ID>2</ID>
			</StationServicesList>
		</Station>
		<Station>
			<ID>19</ID>
			<Name>	
              Berks
      </Name>
			<StationServicesList>
				<ID>1</ID>
				<ID>3</ID>
			</StationServicesList>
		</Station>
		<Station>
			<ID>20</ID>
			<Name>	
              York-Dauphin
      </Name>
			<StationServicesList>
				<ID>1</ID>
				<ID>3</ID>
			</StationServicesList>
		</Station>
		<Station>
			<ID>21</ID>
			<Name>	
              Huntingdon
      </Name>
			<StationServicesList>
				<ID>1</ID>
				<ID>3</ID>
			</StationServicesList>
		</Station>
		<Station>
			<ID>22</ID>
			<Name>	
              Somerset
      </Name>
			<StationServicesList>
				<ID>1</ID>
				<ID>2</ID>
			</StationServicesList>
		</Station>
		<Station>
			<ID>23</ID>
			<Name>	
              Allegheny
      </Name>
			<StationServicesList>
				<ID>1</ID>
				<ID>3</ID>
			</StationServicesList>
		</Station>
		<Station>
			<ID>24</ID>
			<Name>	
              Tioga
      </Name>
			<StationServicesList>
				<ID>1</ID>
				<ID>2</ID>
			</StationServicesList>
		</Station>
		<Station>
			<ID>25</ID>
			<Name>	
              Erie-Torresdale
      </Name>
			<StationServicesList>
				<ID>1</ID>
				<ID>3</ID>
			</StationServicesList>
		</Station>
		<Station>
			<ID>26</ID>
			<Name>	
              Church
      </Name>
			<StationServicesList>
				<ID>1</ID>
				<ID>2</ID>
			</StationServicesList>
		</Station>
		<Station>
			<ID>27</ID>
			<Name>	
              Margaret-Orthodox
      </Name>
			<StationServicesList>
				<ID>3</ID>
			</StationServicesList>
		</Station>
		<Station>
			<ID>28</ID>
			<Name>	
              Frankford Transportation Center
      </Name>
			<StationServicesList>
				<ID>1</ID>
				<ID>3</ID>
			</StationServicesList>
		</Station>
		<Station>
			<ID>29</ID>
			<Name>	
              Pattison
      </Name>
			<StationServicesList>
				<ID>1</ID>
				<ID>2</ID>
			</StationServicesList>
		</Station>
		<Station>
			<ID>30</ID>
			<Name>	
              Oregon
      </Name>
			<StationServicesList>
				<ID>1</ID>
				<ID>3</ID>
			</StationServicesList>
		</Station>
		<Station>
			<ID>31</ID>
			<Name>	
              Snyder
      </Name>
			<StationServicesList>
				<ID>2</ID>
				<ID>3</ID>
			</StationServicesList>
		</Station>
		<Station>
			<ID>32</ID>
			<Name>	
              Tasker-Morris
      </Name>
			<StationServicesList>
				<ID>2</ID>
				<ID>3</ID>
			</StationServicesList>
		</Station>
		<Station>
			<ID>33</ID>
			<Name>	
              Ellsworth-Federal
      </Name>
			<StationServicesList>
				<ID>2</ID>
				<ID>3</ID>
			</StationServicesList>
		</Station>
		<Station>
			<ID>34</ID>
			<Name>	
              Lombard-South
      </Name>
			<StationServicesList>
				<ID>2</ID>
				<ID>3</ID>
			</StationServicesList>
		</Station>
		<Station>
			<ID>35</ID>
			<Name>	
              Walnut-Locust
      </Name>
			<StationServicesList>
				<ID>2</ID>
				<ID>3</ID>
			</StationServicesList>
		</Station>
		<Station>
			<ID>36</ID>
			<Name>	
              City Hall
      </Name>
			<StationServicesList>
				<ID>2</ID>
				<ID>3</ID>
			</StationServicesList>
		</Station>
		<Station>
			<ID>37</ID>
			<Name>	
              Race-Vine
      </Name>
			<StationServicesList>
				<ID>2</ID>
				<ID>3</ID>
			</StationServicesList>
		</Station>
		<Station>
			<ID>38</ID>
			<Name>	
              Spring Garden
      </Name>
			<StationServicesList>
				<ID>2</ID>
				<ID>3</ID>
			</StationServicesList>
		</Station>
		<Station>
			<ID>39</ID>
			<Name>	
              Fairmount
      </Name>
			<StationServicesList>
				<ID>2</ID>
				<ID>3</ID>
			</StationServicesList>
		</Station>
		<Station>
			<ID>40</ID>
			<Name>	
              Girard
      </Name>
			<StationServicesList>
				<ID>2</ID>
				<ID>3</ID>
			</StationServicesList>
		</Station>
		<Station>
			<ID>41</ID>
			<Name>	
              Cecil B Moore
      </Name>
			<StationServicesList>
				<ID>2</ID>
				<ID>3</ID>
			</StationServicesList>
		</Station>
		<Station>
			<ID>42</ID>
			<Name>	
              Susquehanna-Dauphin
      </Name>
			<StationServicesList>
				<ID>2</ID>
				<ID>3</ID>
			</StationServicesList>
		</Station>
		<Station>
			<ID>43</ID>
			<Name>	
              North Philadelphia
      </Name>
			<StationServicesList>
				<ID>2</ID>
				<ID>3</ID>
			</StationServicesList>
		</Station>
		<Station>
			<ID>44</ID>
			<Name>	
              Allegheny
      </Name>
			<StationServicesList>
				<ID>2</ID>
				<ID>3</ID>
			</StationServicesList>
		</Station>
		<Station>
			<ID>45</ID>
			<Name>	
              Erie
      </Name>
			<StationServicesList>
				<ID>2</ID>
				<ID>3</ID>
			</StationServicesList>
		</Station>
		<Station>
			<ID>46</ID>
			<Name>	
              Hunting Park
      </Name>
			<StationServicesList>
				<ID>2</ID>
				<ID>3</ID>
			</StationServicesList>
		</Station>
		<Station>
			<ID>47</ID>
			<Name>	
              Wyoming
      </Name>
			<StationServicesList>
				<ID>2</ID>
				<ID>3</ID>
			</StationServicesList>
		</Station>
		<Station>
			<ID>48</ID>
			<Name>	
              Logan
      </Name>
			<StationServicesList>
				<ID>2</ID>
				<ID>3</ID>
			</StationServicesList>
		</Station>
		<Station>
			<ID>49</ID>
			<Name>	
              Olney Transportation Center
      </Name>
			<StationServicesList>
				<ID>1</ID>
				<ID>3</ID>
			</StationServicesList>
		</Station>
		<Station>
			<ID>50</ID>
			<Name>	
              Fern Rock Transportation Center
      </Name>
			<StationServicesList>
				<ID>1</ID>
				<ID>2</ID>
			</StationServicesList>
		</Station>
		<Station>
			<ID>51</ID>
			<Name>	
              19th
      </Name>
			<StationServicesList>
			</StationServicesList>
		</Station>
		<Station>
			<ID>52</ID>
			<Name>	
              22th
      </Name>
			<StationServicesList>
			</StationServicesList>
		</Station>
		<Station>
			<ID>53</ID>
			<Name>	
              33rd
      </Name>
			<StationServicesList>
			</StationServicesList>
		</Station>
		<Station>
			<ID>54</ID>
			<Name>	
              36th
      </Name>
			<StationServicesList>
			</StationServicesList>
		</Station>
		<Station>
			<ID>55</ID>
			<Name>	
              37th
      </Name>
			<StationServicesList>
			</StationServicesList>
		</Station>
		<Station>
			<ID>56</ID>
			<Name>	
			40th
      </Name>
			<StationServicesList>
				</StationServicesList>
		</Station>
		<Station>
			<ID>57</ID>
			<Name>	
              Cynwynd
      </Name>
			<StationServicesList>
			</StationServicesList>
		</Station>
		<Station>
			<ID>58</ID>
			<Name>
			Bala
      </Name>
			<StationServicesList>
				<ID>1</ID>
			</StationServicesList>
		</Station>
		<Station>
			<ID>59</ID>
			<Name>	
              Wynnefield Avenue
      </Name>
			<StationServicesList>
			</StationServicesList>
		</Station>
		<Station>
			<ID>60</ID>
			<Name>	
              North Phila R7
      </Name>
			<StationServicesList>
				</StationServicesList>
		</Station>
		<Station>
			<ID>61</ID>
			<Name>	
              North Phila R8
      </Name>
			<StationServicesList>
			</StationServicesList>
		</Station>
		<Station>
			<ID>62</ID>
			<Name>	
			Wayne Jct
      </Name>
			<StationServicesList>
			</StationServicesList>
		</Station>
		<Station>
			<ID>63</ID>
			<Name>	
            Wister  
      </Name>
			<StationServicesList/>
		</Station>
		<Station>
			<ID>64</ID>
			<Name>	
              German Town
      </Name>
			<StationServicesList>
			</StationServicesList>
		</Station>
		<Station>
			<ID>65</ID>
			<Name>	
              Washington Lane
      </Name>
			<StationServicesList>
			</StationServicesList>
		</Station>
		<Station>
			<ID>66</ID>
			<Name>	
			Stenton
      </Name>
			<StationServicesList>
			</StationServicesList>
		</Station>
		<Station>
			<ID>67</ID>
			<Name>	
              Sedwick
      </Name>
			<StationServicesList>
			</StationServicesList>
		</Station>
		<Station>
			<ID>68</ID>
			<Name>	
              Mt Airy
      </Name>
			<StationServicesList>
			</StationServicesList>
		</Station>
		<Station>
			<ID>69</ID>
			<Name>	
			Wyndmoor
      </Name>
			<StationServicesList>
			</StationServicesList>
		</Station>
		<Station>
			<ID>70</ID>
			<Name>	
			Gravers
      </Name>
			<StationServicesList>
			</StationServicesList>
		</Station>
		<Station>
			<ID>71</ID>
			<Name>	
              Chestnut Hill East
      </Name>
			<StationServicesList>
			</StationServicesList>
		</Station>
		<Station>
			<ID>72</ID>
			<Name>	
              Olney
      </Name>
			<StationServicesList>
			</StationServicesList>
		</Station>
		<Station>
			<ID>73</ID>
			<Name>	
              Lawndale
      </Name>
			<StationServicesList>
				<ID>1</ID>
			</StationServicesList>
		</Station>
		<Station>
			<ID>74</ID>
			<Name>	
              Cheltenharn
      </Name>
			<StationServicesList>
				<ID>1</ID>
			</StationServicesList>
		</Station>
		<Station>
			<ID>75</ID>
			<Name>	
              Ryers
      </Name>
			<StationServicesList>
			</StationServicesList>
		</Station>
		<Station>
			<ID>76</ID>
			<Name>	
              Fox Chase
      </Name>
			<StationServicesList>
				<ID>1</ID>
			</StationServicesList>
		</Station>
		<Station>
			<ID>77</ID>
			<Name>	
              Warminster
      </Name>
			<StationServicesList>
				<ID>1</ID>
			</StationServicesList>
		</Station>
		<Station>
			<ID>78</ID>
			<Name>	
              Hatboro
      </Name>
			<StationServicesList>			
			</StationServicesList>
		</Station>
		<Station>
			<ID>79</ID>
			<Name>	
Willow Grove              
              </Name>
			<StationServicesList>
			</StationServicesList>
		</Station>
		<Station>
			<ID>80</ID>
			<Name>	
              Crestmont
      </Name>
			<StationServicesList>		
			</StationServicesList>
		</Station>
		<Station>
			<ID>81</ID>
			<Name>	
              Roslyn
      </Name>
			<StationServicesList>
				<ID>1</ID>
			</StationServicesList>
		</Station>
		<Station>
			<ID>82</ID>
			<Name>	
              Ardsley
      </Name>
			<StationServicesList>
				<ID>1</ID>
			</StationServicesList>
		</Station>
		<Station>
			<ID>83</ID>
			<Name>	
              Glenside
      </Name>
			<StationServicesList>			
			</StationServicesList>
		</Station>
		<Station>
			<ID>84</ID>
			<Name>	
              Jenkintown
      </Name>
			<StationServicesList>
				<ID>1</ID>
			</StationServicesList>
		</Station>
		<Station>
			<ID>85</ID>
			<Name>	
              Elkins Park
      </Name>
			<StationServicesList>		
			</StationServicesList>
		</Station>
		<Station>
			<ID>86</ID>
			<Name>	
              Melrose Park
      </Name>
			<StationServicesList>
				<ID>1</ID>
			</StationServicesList>
		</Station>
		<Station>
			<ID>87</ID>
			<Name>	
              Suburban
      </Name>
			<StationServicesList>
				<ID>1</ID>
			</StationServicesList>
		</Station>
		<Station>
			<ID>88</ID>
			<Name>	
              Market East 
      </Name>
			<StationServicesList>
				<ID>1</ID>
			</StationServicesList>
		</Station>
<Station>
			<ID>89</ID>
			<Name>	
              Temple University
      </Name>
			<StationServicesList>
				<ID>1</ID>
			</StationServicesList>
		</Station>
		
<Station>
			<ID>90</ID>
			<Name>	
              North Broad
      </Name>
			<StationServicesList>
				<ID>1</ID>
			</StationServicesList>
		</Station>
<Station>
			<ID>92</ID>
			<Name>	
              Trenton Transit Center
      </Name>
			<StationServicesList>
				<ID>1</ID>
			</StationServicesList>
		</Station>
<Station>
			<ID>93</ID>
			<Name>	
              Levittown
      </Name>
			<StationServicesList>
			</StationServicesList>
		</Station>
<Station>
			<ID>94</ID>
			<Name>	
              Bristol
      </Name>
			<StationServicesList>
			</StationServicesList>
		</Station>
<Station>
			<ID>95</ID>
			<Name>	
              Croydon
      </Name>
			<StationServicesList>
			</StationServicesList>
		</Station>
		
<Station>
			<ID>96</ID>
			<Name>	
              Eddington
      </Name>
			<StationServicesList>
			</StationServicesList>
		</Station>
		
<Station>
			<ID>97</ID>
			<Name>	
              Cornwells Heights
      </Name>
			<StationServicesList>
				<ID>1</ID>
			</StationServicesList>
		</Station>
<Station>
			<ID>98</ID>
			<Name>	
              Torresdale
      </Name>
			<StationServicesList>
			</StationServicesList>
		</Station>
<Station>
			<ID>99</ID>
			<Name>	
              Holmesburg
      </Name>
			<StationServicesList>
			</StationServicesList>
		</Station>
<Station>
			<ID>100</ID>
			<Name>	
              Tacony
      </Name>
			<StationServicesList>
			</StationServicesList>
		</Station>
<Station>
			<ID>101</ID>
			<Name>	
              Bridesburg
      </Name>
			<StationServicesList>
			</StationServicesList>
		</Station>
		
<Station>
			<ID>102</ID>
			<Name>	
              Norristown
      </Name>
			<StationServicesList>
			<ID>1</ID>
			</StationServicesList>
		</Station>
<Station>
			<ID>103</ID>
			<Name>	
              Main St. Norristown
      </Name>
			<StationServicesList>
			</StationServicesList>
		</Station>		
<Station>
			<ID>104</ID>
			<Name>	
              Norristown Transit Center
      </Name>
			<StationServicesList>
				<ID>1</ID>			
			</StationServicesList>
		</Station><Station>
			<ID>105</ID>
			<Name>	
              Bridgeport
      </Name>
			<StationServicesList>
			</StationServicesList>
		</Station><Station>
			<ID>106</ID>
			<Name>	
              Spring King Manor
      </Name>
			<StationServicesList>
<ID>1</ID>			
			</StationServicesList>
		</Station><Station>
			<ID>107</ID>
			<Name>	
              Hughues Park
      </Name>
			<StationServicesList>
			</StationServicesList>
		</Station><Station>
			<ID>108</ID>
			<Name>	
              Gulph Mills
      </Name>
			<StationServicesList>
<ID>1</ID>			
			</StationServicesList>
		</Station><Station>
			<ID>109</ID>
			<Name>	
              Matsonford
      </Name>
			<StationServicesList>
<ID>1</ID>			
			</StationServicesList>
		</Station><Station>
			<ID>110</ID>
			<Name>	
              Country line
      </Name>
			<StationServicesList>
			</StationServicesList>
		</Station>
		<Station>
			<ID>111</ID>
			<Name>	
              Radnor
      </Name>
			<StationServicesList>
			</StationServicesList>
		</Station>
		<Station>
			<ID>112</ID>
			<Name>	
              Villanova
      </Name>
			<StationServicesList>
			</StationServicesList>
		</Station>	
		<Station>
			<ID>113</ID>
			<Name>	
              Stadium
      </Name>
			<StationServicesList>
			</StationServicesList>
		</Station>
		<Station>
			<ID>114</ID>
			<Name>	
              Garrett Hill
      </Name>
			<StationServicesList>
			</StationServicesList>
		</Station>
		<Station>
			<ID>115</ID>
			<Name>	
              Hosemont
      </Name>
			<StationServicesList>
			</StationServicesList>
		</Station>
		<Station>
			<ID>116</ID>
			<Name>	
              Bryn Mawr
      </Name>
			<StationServicesList>
			</StationServicesList>
		</Station>
		<Station>
			<ID>117</ID>
			<Name>	
              Haverford
      </Name>
			<StationServicesList>
			</StationServicesList>
		</Station>
		<Station>
			<ID>118</ID>
			<Name>	
              Ardmore Avenue
      </Name>
			<StationServicesList>
			</StationServicesList>
		</Station>
		<Station>
			<ID>119</ID>
			<Name>	
              Ardmore Jct
      </Name>
			<StationServicesList>
			</StationServicesList>
		</Station>
		<Station>
			<ID>120</ID>
			<Name>	
              Wynnewood Road
      </Name>
			<StationServicesList>
			<ID>1</ID>
			</StationServicesList>
		</Station>
		<Station>
			<ID>121</ID>
			<Name>	
              Boochwood-Brookline
      </Name>
			<StationServicesList>
			</StationServicesList>
		</Station>
		<Station>
			<ID>122</ID>
			<Name>	
              Penfield
      </Name>
			<StationServicesList>
			</StationServicesList>
		</Station>
		<Station>
			<ID>123</ID>
			<Name>	
              West Overbrook
      </Name>
			<StationServicesList>
			</StationServicesList>
		</Station>
		<Station>
			<ID>124</ID>
			<Name>	
              Parkview
      </Name>
			<StationServicesList>
			</StationServicesList>
		</Station>
		<Station>
			<ID>91</ID>
			<Name>	
              15th-16th
      </Name>
			<StationServicesList>
			<ID>1</ID>			
			</StationServicesList>
		</Station>
		<Station>
			<ID>125</ID>
			<Name>	
              12th-13th
      </Name>
			<StationServicesList>
			</StationServicesList>
		</Station><Station>
			<ID>126</ID>
			<Name>	
              9th-10th
      </Name>
			<StationServicesList>
			</StationServicesList>
		</Station>
		<Station>
			<ID>127</ID>
			<Name>	
              City Hall Camden
      </Name>
			<StationServicesList>
			</StationServicesList>
		</Station>
		<Station>
			<ID>151</ID>
			<Name>	
              Fairmount
      </Name>
			<StationServicesList>
			<ID>1</ID>			
			</StationServicesList>
		</Station>
		<Station>
			<ID>152</ID>
			<Name>	
              ChinaTown
		  </Name>
			<StationServicesList>
			</StationServicesList>
		</Station>

	<Station>
			<ID>153</ID>
			<Name>	
              Allegheny
			  </Name>
			<StationServicesList>
			</StationServicesList>
	</Station>
	<Station>
			<ID>154</ID>
			<Name>	
              East Falls
		  </Name>
			<StationServicesList/>
	</Station>
		<Station>
			<ID>155</ID>
			<Name>	
              Wissahickon
		  </Name>
			<StationServicesList>
			</StationServicesList>
		</Station>

		<Station>
			<ID>156</ID>
			<Name>	
              Manayunik
		  </Name>
			<StationServicesList>
			</StationServicesList>
		</Station>

		<Station>
			<ID>157</ID>
			<Name>	
              Ivy Ridge
		  </Name>
			<StationServicesList>
			</StationServicesList>
		</Station>
		<Station>
			<ID>158</ID>
			<Name>	
              Miquon
		  </Name>
			<StationServicesList>
			</StationServicesList>
		</Station>
		<Station>
			<ID>159</ID>
			<Name>	
              Spring Mill
		  </Name>
			<StationServicesList>
					<ID>1</ID>
			</StationServicesList>
		</Station>
		<Station>
			<ID>160</ID>
			<Name>	
              Conshohocken
		  </Name>
			<StationServicesList/>
		</Station>
	</StationsList>
	
	<!-- ************ Liste des lignes *********** -->

	<!-- ************ Lignes de metro *********** -->

	<RoutesList>
		<Route>
			<ID>MF</ID>
			<Kind>Metro</Kind>
			<RouteSectionsList>
				<Section TimeBetweenStations="3">
					<SectionStationsList>
						<ID>1</ID>
						<ID>2</ID>
						<ID>3</ID>
						<ID>4</ID>
						<ID>5</ID>
						<ID>6</ID>
						<ID>7</ID>
						<ID>8</ID>
						<ID>9</ID>
						<ID>10</ID>
						<ID>11</ID>
						<ID>12</ID>
						<ID>13</ID>
						<ID>14</ID>
						<ID>15</ID>
						<ID>16</ID>
						<ID>17</ID>
						<ID>18</ID>
						<ID>19</ID>
						<ID>20</ID>
						<ID>21</ID>
						<ID>22</ID>
						<ID>23</ID>
						<ID>24</ID>
						<ID>25</ID>
						<ID>26</ID>
						<ID>27</ID>
						<ID>28</ID>
					</SectionStationsList>
				</Section>
			</RouteSectionsList>
		</Route>
		<!-- NB : La ligne BS est composee de deux troncons qui ont une station commune (id 40).
           -->
		<Route>
			<ID>BS</ID>
			<Kind>Metro</Kind>
			<RouteSectionsList>
				<Section TimeBetweenStations="3">
					<SectionStationsList>
						<ID>29</ID>
						<ID>30</ID>
						<ID>31</ID>
						<ID>32</ID>
						<ID>33</ID>
						<ID>34</ID>
						<ID>35</ID>
						<ID>36</ID>
						<ID>37</ID>
						<ID>38</ID>
						<ID>39</ID>
						<ID>40</ID>
						<ID>41</ID>
						<ID>42</ID>
						<ID>43</ID>
						<ID>44</ID>
						<ID>45</ID>
						<ID>46</ID>
						<ID>47</ID>
						<ID>48</ID>
						<ID>49</ID>
						<ID>50</ID>
					</SectionStationsList>
				</Section>
				<Section TimeBetweenStations="4">
					<SectionStationsList>
						<ID>40</ID>
						<ID>151</ID>
						<ID>152</ID>
						<ID>14</ID>
					</SectionStationsList>
				</Section>
			</RouteSectionsList>
		</Route>
<!-- ************ Lignes regionales *********** -->
	
		<Route>
			<ID>R1</ID>
			<Kind>Regional Rail</Kind>
			<RouteSectionsList>
				<Section TimeBetweenStations="6">
					<SectionStationsList>
						<ID>83</ID>
						<ID>84</ID>
						<ID>85</ID>
						<ID>86</ID>
						<ID>50</ID>
						<ID>62</ID>
						<ID>90</ID>
						<ID>89</ID>
						<ID>88</ID>
						<ID>87</ID>
						<ID>10</ID>
					</SectionStationsList>
				</Section>
			</RouteSectionsList>
		</Route>
		<Route>
			<ID>R2</ID>
			<Kind>Regional Rail</Kind>
			<RouteSectionsList>
				<Section TimeBetweenStations="6">
					<SectionStationsList>
						<ID>77</ID>
						<ID>78</ID>
						<ID>79</ID>
						<ID>80</ID>
						<ID>81</ID>
						<ID>82</ID>
						<ID>83</ID>
						<ID>84</ID>
						<ID>85</ID>
						<ID>86</ID>
						<ID>50</ID>
						<ID>62</ID>
						<ID>90</ID>
						<ID>89</ID>
						<ID>88</ID>
						<ID>87</ID>
						<ID>10</ID>
					</SectionStationsList>
				</Section>
			</RouteSectionsList>
		</Route>
		<Route>
			<ID>R6</ID>
			<Kind>Regional Rail</Kind>
			<RouteSectionsList>
				<Section TimeBetweenStations="4">
					<SectionStationsList>
						<ID>57</ID>
						<ID>58</ID>
						<ID>59</ID>
						<ID>10</ID>
						<ID>87</ID>
						<ID>88</ID>
						<ID>89</ID>
						<ID>90</ID>
						<ID>153</ID>
						<ID>154</ID>
						<ID>155</ID>
						<ID>156</ID>
						<ID>157</ID>
						<ID>158</ID>
						<ID>159</ID>
						<ID>160</ID>
						<ID>104</ID>
						<ID>103</ID>
						<ID>102</ID>
					</SectionStationsList>
				</Section>
			</RouteSectionsList>
		</Route>
		<Route>
			<ID>R7</ID>
			<Kind>Regional Rail</Kind>
			<RouteSectionsList>
				<Section TimeBetweenStations="7">
					<SectionStationsList>
						<ID>71</ID>
						<ID>70</ID>
						<ID>69</ID>
						<ID>68</ID>
						<ID>67</ID>
						<ID>66</ID>
						<ID>65</ID>
						<ID>64</ID>
						<ID>63</ID>
						<ID>62</ID>
						<ID>60</ID>
					</SectionStationsList>
				</Section>	
				<Section TimeBetweenStations="5">
					<SectionStationsList>						
						<ID>60</ID>
						<ID>10</ID>
						<ID>87</ID>
						<ID>88</ID>
						<ID>89</ID>
						<ID>90</ID>
					</SectionStationsList>
				</Section>
				<Section TimeBetweenStations="8">
					<SectionStationsList>						
						<ID>60</ID>
						<ID>101</ID>
						<ID>100</ID>
						<ID>99</ID>
						<ID>98</ID>
						<ID>97</ID>
						<ID>96</ID>
						<ID>95</ID>
						<ID>94</ID>
						<ID>93</ID>
						<ID>92</ID>
					</SectionStationsList>
				</Section>
			</RouteSectionsList>
		</Route>
		<Route>
			<ID>R8</ID>
			<Kind>Regional Rail</Kind>
			<RouteSectionsList>
				<Section TimeBetweenStations="6">
					<SectionStationsList>
						<ID>76</ID>
						<ID>75</ID>
						<ID>74</ID>
						<ID>73</ID>
						<ID>72</ID>
						<ID>62</ID>
						<ID>61</ID>
					</SectionStationsList>
				</Section>				
				<Section TimeBetweenStations="6">
					<SectionStationsList>
						<ID>61</ID>						
						<ID>10</ID>
						<ID>87</ID>
						<ID>88</ID>
						<ID>89</ID>
						<ID>90</ID>
					</SectionStationsList>
				</Section>
			</RouteSectionsList>
		</Route>
		
		<!-- ************ Lignes de trolley *********** -->

		<Route>
			<ID>T</ID>
			<Kind>Trolley</Kind>
			<RouteSectionsList>
				<Section TimeBetweenStations="5">
					<SectionStationsList>
						<ID>12</ID>
						<ID>11</ID>
						<ID>51</ID>
						<ID>52</ID>
						<ID>10</ID>
						<ID>53</ID>
						<ID>54</ID>
						<ID>55</ID>
						<ID>56</ID>
					</SectionStationsList>
				</Section>
			</RouteSectionsList>
		</Route>

		<!-- ************ Lignes rapides *********** -->

		<Route>
			<ID>T100</ID>
			<Kind>High Speed Rail</Kind>
			<RouteSectionsList>
				<Section TimeBetweenStations="8">
					<SectionStationsList>
						<ID>104</ID>
						<ID>105</ID>
						<ID>106</ID>
						<ID>107</ID>
						<ID>108</ID>
						<ID>109</ID>
						<ID>110</ID>
						<ID>111</ID>
						<ID>112</ID>
						<ID>113</ID>
						<ID>114</ID>
						<ID>115</ID>
						<ID>116</ID>
						<ID>117</ID>
						<ID>118</ID>
						<ID>119</ID>
						<ID>120</ID>
						<ID>121</ID>
						<ID>122</ID>
						<ID>123</ID>
						<ID>124</ID>
					</SectionStationsList>
				</Section>
			</RouteSectionsList>
		</Route>

		<!-- ************ Lignes de train *********** -->
		<Route>
			<ID>P1</ID>
			<Kind>Train</Kind>
			<RouteSectionsList>
				<Section TimeBetweenStations="7">
					<SectionStationsList>
						<ID>91</ID>
						<ID>125</ID>
						<ID>126</ID>
						<ID>14</ID>
						<ID>127</ID>
					</SectionStationsList>
				</Section>
			</RouteSectionsList>
		</Route>
	</RoutesList>

		<!-- ************ Liste des croisements *********** -->

	<InterchangesList>
<!-- Echange de la 30th T (10) vs MF (10) et Ri (10) -->
		<Interchange>
			<Start>
				<Station>10</Station>
				<Route>T</Route>
			</Start>
			<Endlist>
				<End>
					<Station>10</Station>
					<Route>MF</Route>
					<Free>true</Free>
					<Pedestrian>false</Pedestrian>
					<Time>1</Time>
				</End>
				<End>
					<Station>10</Station>
					<Route>R1</Route>
					<Free>false</Free>
					<Pedestrian>true</Pedestrian>
					<Time>5</Time>
				</End>
				<End>
					<Station>10</Station>
					<Route>R2</Route>
					<Free>false</Free>
					<Pedestrian>true</Pedestrian>
					<Time>5</Time>
				</End>
				<End>
					<Station>10</Station>
					<Route>R6</Route>
					<Free>false</Free>
					<Pedestrian>true</Pedestrian>
					<Time>5</Time>
				</End>
				<End>
					<Station>10</Station>
					<Route>R7</Route>
					<Free>false</Free>
					<Pedestrian>true</Pedestrian>
					<Time>5</Time>
				</End>
				<End>
					<Station>10</Station>
					<Route>R8</Route>
					<Free>false</Free>
					<Pedestrian>true</Pedestrian>
					<Time>6</Time>
				</End>
			</Endlist>
		</Interchange>		
		<Interchange>
			<Start>
				<Station>10</Station>
				<Route>MF</Route>
			</Start>
			<Endlist>
				<End>
					<Station>10</Station>
					<Route>R1</Route>
					<Free>false</Free>
					<Pedestrian>true</Pedestrian>
					<Time>4</Time>
				</End>
				<End>
					<Station>10</Station>
					<Route>R2</Route>
					<Free>false</Free>
					<Pedestrian>true</Pedestrian>
					<Time>4</Time>
				</End>
				<End>
					<Station>10</Station>
					<Route>R6</Route>
					<Free>false</Free>
					<Pedestrian>true</Pedestrian>
					<Time>4</Time>
				</End>
				<End>
					<Station>10</Station>
					<Route>R7</Route>
					<Free>false</Free>
					<Pedestrian>true</Pedestrian>
					<Time>4</Time>
				</End>
				<End>
					<Station>10</Station>
					<Route>R8</Route>
					<Free>false</Free>
					<Pedestrian>true</Pedestrian>
					<Time>4</Time>
				</End>
			</Endlist>
		</Interchange>
	<Interchange>
		<Start>
			<Station>10</Station>
				<Route>R1</Route>
		</Start>
		<Endlist>
			<End>
				<Station>10</Station>
				<Route>R2</Route>
				<Free>false</Free>
				<Pedestrian>false</Pedestrian>
					<Time>1</Time>
			</End>
				<End>
					<Station>10</Station>
					<Route>R6</Route>
					<Free>false</Free>
					<Pedestrian>false</Pedestrian>
					<Time>1</Time>
				</End>
				<End>
					<Station>10</Station>
					<Route>R7</Route>
					<Free>false</Free>
					<Pedestrian>false</Pedestrian>
					<Time>1</Time>
				</End>
				<End>
					<Station>10</Station>
					<Route>R8</Route>
					<Free>false</Free>
					<Pedestrian>false</Pedestrian>
					<Time>1</Time>
				</End>
			</Endlist>
		</Interchange>
	<Interchange>
			<Start>
				<Station>10</Station>
				<Route>R2</Route>
			</Start>
			<Endlist>
				<End>
					<Station>10</Station>
					<Route>R6</Route>
					<Free>false</Free>
					<Pedestrian>false</Pedestrian>
					<Time>1</Time>
				</End>
				<End>
					<Station>10</Station>
					<Route>R7</Route>
					<Free>false</Free>
					<Pedestrian>false</Pedestrian>
					<Time>1</Time>
				</End>
				<End>
					<Station>10</Station>
					<Route>R8</Route>
					<Free>false</Free>
					<Pedestrian>false</Pedestrian>
					<Time>1</Time>
				</End>
			</Endlist>
		</Interchange>
<Interchange>
			<Start>
				<Station>10</Station>
				<Route>R6</Route>
			</Start>
			<Endlist>
				<End>
					<Station>10</Station>
					<Route>R7</Route>
					<Free>false</Free>
					<Pedestrian>false</Pedestrian>
					<Time>1</Time>
				</End>
				<End>
					<Station>10</Station>
					<Route>R8</Route>
					<Free>false</Free>
					<Pedestrian>false</Pedestrian>
					<Time>1</Time>
				</End>
			</Endlist>
		</Interchange>
<Interchange>
			<Start>
				<Station>10</Station>
				<Route>R7</Route>
			</Start>
			<Endlist>
				<End>
					<Station>10</Station>
					<Route>R8</Route>
					<Free>false</Free>
					<Pedestrian>false</Pedestrian>
					<Time>1</Time>
				</End>
			</Endlist>
		</Interchange>
<!-- Fin Echange de la 30th T vs MF et Ri -->			
			
<!-- Echange de la 15th T (11) vs MF (11) et Ri Suburban (87) -->						
		<Interchange>
			<Start>
				<Station>11</Station>
				<Route>T</Route>
			</Start>
			<Endlist>
				<End>
					<Station>11</Station>
					<Route>MF</Route>
					<Free>true</Free>
					<Pedestrian>false</Pedestrian>
					<Time>1</Time>
				</End>
				<End>
					<Station>87</Station>
					<Route>R1</Route>
					<Free>false</Free>
					<Pedestrian>true</Pedestrian>
					<Time>5</Time>
				</End>
				<End>
					<Station>87</Station>
					<Route>R2</Route>
					<Free>false</Free>
					<Pedestrian>true</Pedestrian>
					<Time>5</Time>
				</End>
				<End>
					<Station>87</Station>
					<Route>R6</Route>
					<Free>false</Free>
					<Pedestrian>true</Pedestrian>
					<Time>6</Time>
				</End>
				<End>
					<Station>87</Station>
					<Route>R7</Route>
					<Free>false</Free>
					<Pedestrian>true</Pedestrian>
					<Time>5</Time>
				</End>
				<End>
					<Station>87</Station>
					<Route>R8</Route>
					<Free>false</Free>
					<Pedestrian>true</Pedestrian>
					<Time>6</Time>
				</End>
			</Endlist>
		</Interchange>
		<Interchange>
			<Start>
				<Station>11</Station>
				<Route>MF</Route>
			</Start>
			<Endlist>
				<End>
					<Station>87</Station>
					<Route>R1</Route>
					<Free>false</Free>
					<Pedestrian>true</Pedestrian>
					<Time>4</Time>
				</End>
				<End>
					<Station>87</Station>
					<Route>R2</Route>
					<Free>false</Free>
					<Pedestrian>true</Pedestrian>
					<Time>4</Time>
				</End>
				<End>
					<Station>87</Station>
					<Route>R6</Route>
					<Free>false</Free>
					<Pedestrian>true</Pedestrian>
					<Time>4</Time>
				</End>
				<End>
					<Station>87</Station>
					<Route>R7</Route>
					<Free>false</Free>
					<Pedestrian>true</Pedestrian>
					<Time>4</Time>
				</End>
				<End>
					<Station>87</Station>
					<Route>R8</Route>
					<Free>false</Free>
					<Pedestrian>true</Pedestrian>
					<Time>4</Time>
				</End>
			</Endlist>
		</Interchange>
		<Interchange>
					<Start>
						<Station>87</Station>
						<Route>R1</Route>
					</Start>
					<Endlist>
						<End>
							<Station>87</Station>
							<Route>R2</Route>
							<Free>false</Free>
							<Pedestrian>false</Pedestrian>
							<Time>1</Time>
						</End>
						<End>
							<Station>87</Station>
							<Route>R6</Route>
							<Free>false</Free>
							<Pedestrian>false</Pedestrian>
							<Time>1</Time>
						</End>
						<End>
							<Station>87</Station>
							<Route>R7</Route>
							<Free>false</Free>
							<Pedestrian>false</Pedestrian>
							<Time>1</Time>
						</End>
						<End>
							<Station>87</Station>
							<Route>R8</Route>
							<Free>false</Free>
							<Pedestrian>false</Pedestrian>
							<Time>1</Time>
						</End>
					</Endlist>
				</Interchange>
		<Interchange>
					<Start>
						<Station>87</Station>
						<Route>R2</Route>
					</Start>
					<Endlist>
						<End>
							<Station>87</Station>
							<Route>R6</Route>
							<Free>false</Free>
							<Pedestrian>false</Pedestrian>
							<Time>1</Time>
						</End>
						<End>
							<Station>87</Station>
							<Route>R7</Route>
							<Free>false</Free>
							<Pedestrian>false</Pedestrian>
							<Time>1</Time>
						</End>
						<End>
							<Station>87</Station>
							<Route>R8</Route>
							<Free>false</Free>
							<Pedestrian>false</Pedestrian>
							<Time>1</Time>
						</End>
					</Endlist>
				</Interchange>
		<Interchange>
					<Start>
						<Station>87</Station>
						<Route>R6</Route>
					</Start>
					<Endlist>
						<End>
							<Station>87</Station>
							<Route>R7</Route>
							<Free>false</Free>
							<Pedestrian>false</Pedestrian>
							<Time>1</Time>
						</End>
						<End>
							<Station>87</Station>
							<Route>R8</Route>
							<Free>false</Free>
							<Pedestrian>false</Pedestrian>
							<Time>1</Time>
						</End>
					</Endlist>
				</Interchange>
		<Interchange>
					<Start>
						<Station>87</Station>
						<Route>R7</Route>
					</Start>
					<Endlist>
						<End>
							<Station>87</Station>
							<Route>R8</Route>
							<Free>false</Free>
							<Pedestrian>false</Pedestrian>
							<Time>1</Time>
						</End>
			</Endlist>
		</Interchange>
		<!-- Fin Echange de la 15th T vs MF et Ri Suburban -->
		<!-- Echange de la 13th (12) T vs MF (12) -->
		<Interchange>
			<Start>
				<Station>12</Station>
				<Route>T</Route>
			</Start>
			<Endlist>
			<End>
					<Station>12</Station>
					<Route>MF</Route>
					<Free>true</Free>
					<Pedestrian>false</Pedestrian>
					<Time>1</Time>
				</End>
			</Endlist>
		</Interchange>

<!-- Echange de la 11th MF (13) vs Market east Ri (88) -->
		<Interchange>
			<Start>
				<Station>13</Station>
				<Route>MF</Route>
			</Start>
			<Endlist>
				<End>
					<Station>88</Station>
					<Route>R1</Route>
					<Free>false</Free>
					<Pedestrian>true</Pedestrian>
					<Time>4</Time>
				</End>
				<End>
					<Station>88</Station>
					<Route>R2</Route>
					<Free>false</Free>
					<Pedestrian>true</Pedestrian>
					<Time>4</Time>
				</End>
				<End>
					<Station>88</Station>
					<Route>R6</Route>
					<Free>false</Free>
					<Pedestrian>true</Pedestrian>
					<Time>4</Time>
				</End>
				<End>
					<Station>88</Station>
					<Route>R7</Route>
					<Free>false</Free>
					<Pedestrian>true</Pedestrian>
					<Time>4</Time>
				</End>
				<End>
					<Station>88</Station>
					<Route>R8</Route>
					<Free>false</Free>
					<Pedestrian>true</Pedestrian>
					<Time>4</Time>
				</End>
			</Endlist>
		</Interchange>
<Interchange>
			<Start>
				<Station>88</Station>
				<Route>R1</Route>
			</Start>
			<Endlist>
				<End>
					<Station>88</Station>
					<Route>R2</Route>
					<Free>false</Free>
					<Pedestrian>false</Pedestrian>
					<Time>1</Time>
				</End>
				<End>
					<Station>88</Station>
					<Route>R6</Route>
					<Free>false</Free>
					<Pedestrian>false</Pedestrian>
					<Time>1</Time>
				</End>
				<End>
					<Station>88</Station>
					<Route>R7</Route>
					<Free>false</Free>
					<Pedestrian>false</Pedestrian>
					<Time>1</Time>
				</End>
				<End>
					<Station>88</Station>
					<Route>R8</Route>
					<Free>false</Free>
					<Pedestrian>false</Pedestrian>
					<Time>1</Time>
				</End>
			</Endlist>
		</Interchange>
<Interchange>
			<Start>
				<Station>88</Station>
				<Route>R2</Route>
			</Start>
			<Endlist>
				<End>
					<Station>88</Station>
					<Route>R6</Route>
					<Free>false</Free>
					<Pedestrian>false</Pedestrian>
					<Time>1</Time>
				</End>
				<End>
					<Station>88</Station>
					<Route>R7</Route>
					<Free>false</Free>
					<Pedestrian>false</Pedestrian>
					<Time>1</Time>
				</End>
				<End>
					<Station>88</Station>
					<Route>R8</Route>
					<Free>false</Free>
					<Pedestrian>false</Pedestrian>
					<Time>1</Time>
				</End>
			</Endlist>
		</Interchange>
<Interchange>
			<Start>
				<Station>88</Station>
				<Route>R6</Route>
			</Start>
			<Endlist>
				<End>
					<Station>88</Station>
					<Route>R7</Route>
					<Free>false</Free>
					<Pedestrian>false</Pedestrian>
					<Time>1</Time>
				</End>
				<End>
					<Station>88</Station>
					<Route>R8</Route>
					<Free>false</Free>
					<Pedestrian>false</Pedestrian>
					<Time>1</Time>
				</End>
			</Endlist>
		</Interchange>
<Interchange>
			<Start>
				<Station>88</Station>
				<Route>R7</Route>
			</Start>
			<Endlist>
				<End>
					<Station>88</Station>
					<Route>R8</Route>
					<Free>false</Free>
					<Pedestrian>false</Pedestrian>
					<Time>1</Time>
				</End>
			</Endlist>
		</Interchange>
<!-- Fin Echange de la 11th MF vs Market east Ri -->		
<!-- Echange de la 8th MF (14) vs BS (14) et P1(14)-->
<Interchange>
		<Start>
			<Station>14</Station>
			<Route>MF</Route>
		</Start>
		<Endlist>
		<End>
				<Station>14</Station>
				<Route>BS</Route>
				<Free>false</Free>
				<Pedestrian>true</Pedestrian>
				<Time>3</Time>
		</End>
		<End>
				<Station>14</Station>
				<Route>P1</Route>
				<Free>false</Free>
				<Pedestrian>true</Pedestrian>
				<Time>5</Time>
		</End>
		</Endlist>
	</Interchange>
<Interchange>
			<Start>
				<Station>14</Station>
				<Route>BS</Route>
			</Start>
			<Endlist>
			<End>
					<Station>14</Station>
					<Route>P1</Route>
					<Free>false</Free>
					<Pedestrian>true</Pedestrian>
					<Time>3</Time>
				</End>
			</Endlist>
		</Interchange>
<!-- Fin Echange de la 8th MF vs BS et P1-->

<!-- Echange de Fern Rock BS (50) vs Ri (50) -->
<Interchange>
	<Start>
		<Station>50</Station>
		<Route>BS</Route>
	</Start>
	<Endlist>
	<End>
		<Station>50</Station>
		<Route>R1</Route>
		<Free>false</Free>
		<Pedestrian>false</Pedestrian>
		<Time>2</Time>
	</End>
	<End>
		<Station>50</Station>
		<Route>R2</Route>
		<Free>false</Free>
		<Pedestrian>false</Pedestrian>
	   <Time>2</Time>
	</End>
	</Endlist>
</Interchange>
<Interchange>
			<Start>
				<Station>50</Station>
				<Route>R1</Route>
			</Start>
			<Endlist>
			<End>
					<Station>50</Station>
					<Route>R2</Route>
					<Free>false</Free>
					<Pedestrian>false</Pedestrian>
					<Time>2</Time>
				</End>
			</Endlist>
		</Interchange>
<!-- Fin Echange de Fern Rock BS vs Ri-->

<!-- Echange de Norristown Trans. Ctr. T100 (104) vs R6 (104)-->
<Interchange>
			<Start>
				<Station>104</Station>
				<Route>T100</Route>
			</Start>
			<Endlist>
			<End>
					<Station>104</Station>
					<Route>R6</Route>
					<Free>false</Free>
					<Pedestrian>true</Pedestrian>
					<Time>8</Time>
				</End>
			</Endlist>
		</Interchange>
<!-- Fin Echange de Norristown Trans. Ctr. -->

<!-- Echange de Wayne Jct. Ri (62)-->
<Interchange>
			<Start>
				<Station>62</Station>
				<Route>R1</Route>
			</Start>
			<Endlist>
			<End>
					<Station>62</Station>
					<Route>R2</Route>
					<Free>false</Free>
					<Pedestrian>false</Pedestrian>
					<Time>1</Time>
				</End>
				<End>
					<Station>62</Station>
					<Route>R6</Route>
					<Free>false</Free>
					<Pedestrian>false</Pedestrian>
					<Time>1</Time>
				</End>				
					<End>
					<Station>62</Station>
					<Route>R7</Route>
					<Free>false</Free>
					<Pedestrian>false</Pedestrian>
					<Time>1</Time>
				</End>
					<End>
					<Station>62</Station>
					<Route>R8</Route>
					<Free>false</Free>
					<Pedestrian>false</Pedestrian>
					<Time>1</Time>
				</End>
			</Endlist>
		</Interchange>
		<Interchange>		
			<Start>
				<Station>62</Station>
				<Route>R2</Route>
			</Start>
			<Endlist>
				<End>
					<Station>62</Station>
					<Route>R6</Route>
					<Free>false</Free>
					<Pedestrian>false</Pedestrian>
					<Time>1</Time>
				</End>				
					<End>
					<Station>62</Station>
					<Route>R7</Route>
					<Free>false</Free>
					<Pedestrian>false</Pedestrian>
					<Time>1</Time>
				</End>
				<End>
					<Station>62</Station>
					<Route>R8</Route>
					<Free>false</Free>
					<Pedestrian>false</Pedestrian>
					<Time>1</Time>
				</End>
				</Endlist>
		</Interchange>
<Interchange>		
			<Start>
				<Station>62</Station>
				<Route>R6</Route>
			</Start>
			<Endlist>
					<End>
					<Station>62</Station>
					<Route>R7</Route>
					<Free>false</Free>
					<Pedestrian>false</Pedestrian>
					<Time>1</Time>
				</End>
					<End>
					<Station>62</Station>
					<Route>R8</Route>
					<Free>false</Free>
					<Pedestrian>false</Pedestrian>
					<Time>1</Time>
				</End>
				</Endlist>
		</Interchange>
<Interchange>		
			<Start>
				<Station>62</Station>
				<Route>R7</Route>
			</Start>
			<Endlist>
					<End>
					<Station>62</Station>
					<Route>R8</Route>
					<Free>false</Free>
					<Pedestrian>false</Pedestrian>
					<Time>1</Time>
				</End>
				</Endlist>
		</Interchange>
<!-- Fin Echange de Wayne Jct. Ri-->

<!-- Echange de Temple U (89) Ri-->
<Interchange>		
			<Start>
				<Station>89</Station>
				<Route>R1</Route>
			</Start>
			<Endlist>
					<End>
					<Station>89</Station>
					<Route>R2</Route>
					<Free>false</Free>
					<Pedestrian>false</Pedestrian>
					<Time>1</Time>
				</End>
				<End>
					<Station>89</Station>
					<Route>R6</Route>
					<Free>false</Free>
					<Pedestrian>false</Pedestrian>
					<Time>1</Time>
				</End>
				<End>
					<Station>89</Station>
					<Route>R7</Route>
					<Free>false</Free>
					<Pedestrian>false</Pedestrian>
					<Time>1</Time>
				</End>
				<End>
					<Station>89</Station>
					<Route>R8</Route>
					<Free>false</Free>
					<Pedestrian>false</Pedestrian>
					<Time>1</Time>
				</End>
				</Endlist>
</Interchange>
<Interchange>		
			<Start>
				<Station>89</Station>
				<Route>R2</Route>
			</Start>
			<Endlist>
					<End>
					<Station>89</Station>
					<Route>R6</Route>
					<Free>false</Free>
					<Pedestrian>false</Pedestrian>
					<Time>1</Time>
				</End>
				<End>
					<Station>89</Station>
					<Route>R7</Route>
					<Free>false</Free>
					<Pedestrian>false</Pedestrian>
					<Time>1</Time>
				</End>
				<End>
					<Station>89</Station>
					<Route>R8</Route>
					<Free>false</Free>
					<Pedestrian>false</Pedestrian>
					<Time>1</Time>
				</End>
				</Endlist>
		</Interchange>
		
<Interchange>		
			<Start>
				<Station>89</Station>
				<Route>R6</Route>
			</Start>
			<Endlist>
					<End>
					<Station>89</Station>
					<Route>R7</Route>
					<Free>false</Free>
					<Pedestrian>false</Pedestrian>
					<Time>1</Time>
				</End>
				<End>
					<Station>89</Station>
					<Route>R8</Route>
					<Free>false</Free>
					<Pedestrian>false</Pedestrian>
					<Time>1</Time>
				</End>
				</Endlist>
		</Interchange>
<Interchange>		
			<Start>
				<Station>89</Station>
				<Route>R7</Route>
			</Start>
			<Endlist>
					<End>
					<Station>89</Station>
					<Route>R8</Route>
					<Free>false</Free>
					<Pedestrian>false</Pedestrian>
					<Time>1</Time>
				</End>
				</Endlist>
		</Interchange>
<!-- Echange de Temple U Ri-->
	</InterchangesList>
	
</Network>
