<?xml version="1.0" encoding="UTF-8"?><!--  Les changements de fond du reseau (ajout/suppression de stations/lignes/troncons seront geres par le chargement d'un nouveau reseau complet).Ce document XML decrit les changements temporaires qui contiennent 3 listes :     (1) les stations (toutes lignes confondues),     (2) les stations sur une ligne donnee     (3) les lignes toutes entieres qui sont bloques (Problem) momentanement tant qu'un message de deblocage(Solution) n'a pas ete proposé. Un message d'alerte leur est associe.Une identifiant est associe a chaque probleme (MSID) et chaque solution fait reference au probleme qu'elle regle en utilisant cet identifiant.Un problème restera dans les fichiers mis à jour tant qu'il n'est pas résolu. Une fois une solution diffusée pour ce problème il ne sera plus présent dans les fichiers (y compris dans celui contenant la résolution).Ainsi quand le système se lance il est certain que vous disporez de tous les problèmes en cours, vous n'aurez pas à tenir compte des solutions de ce premier fichier.--><TravelAlert xmlns:xsi="http://www.w3.org/2001/XMLSchema-instance" xsi:noNamespaceSchemaLocation="TravelAltertGL2008.xsd">	<VersionNumber>14</VersionNumber>	<StationsList>		<Station>			<MSID>110</MSID>			<ID>1</ID>			<Kind>Problem</Kind>			<WarningMsg>Closed for construction</WarningMsg>		</Station>		<Station>			<MSID>111</MSID>			<ID>12</ID>			<Kind>Problem</Kind>			<WarningMsg>Technical issue</WarningMsg>		</Station>		<Station>			<MSID>14</MSID>			<ID>24</ID>			<Kind>Solution</Kind>			<WarningMsg>Regular traffic</WarningMsg>		</Station>		<Station>			<MSID>8</MSID>			<ID>67</ID>			<Kind>Solution</Kind>			<WarningMsg>Regular traffic</WarningMsg>		</Station>	</StationsList>	<StationRouteList>		<StationRoute>			<MSID>112</MSID>			<IDS>104</IDS>			<IDR>T100</IDR>			<Kind>Problem</Kind>			<WarningMsg>Station maintenance</WarningMsg>		</StationRoute>		<StationRoute>			<MSID>113</MSID>			<IDS>62</IDS>			<IDR>R7</IDR>			<Kind>Problem</Kind>			<WarningMsg>Technical issue</WarningMsg>		</StationRoute>		<StationRoute>			<MSID>114</MSID>			<IDS>62</IDS>			<IDR>R8</IDR>			<Kind>Problem</Kind>			<WarningMsg>Technical issue</WarningMsg>		</StationRoute>		<StationRoute>			<MSID>34</MSID>			<IDS>50</IDS>			<IDR>BS</IDR>			<Kind>Solution</Kind>			<WarningMsg>Traffic resumed</WarningMsg>		</StationRoute>		<StationRoute>			<MSID>56</MSID>			<IDS>12</IDS>			<IDR>MF</IDR>			<Kind>Solution</Kind>			<WarningMsg>Track renewal work over</WarningMsg>		</StationRoute>	</StationRouteList>	<RouteList>		<Route>			<MSID>115</MSID>			<IDR>T100</IDR>			<Kind>Problem</Kind>			<WarningMsg>Workers on strike</WarningMsg>		</Route>		<Route>			<MSID>19</MSID>			<IDR>R5</IDR>			<Kind>Solution</Kind>			<WarningMsg>Signal renewal work over</WarningMsg>		</Route>	</RouteList></TravelAlert>